pato_id	label	parent_pato_ids	parent_labels	temporary_flopo_id	examples
PATO:0104001	creamy	PATO:0000323|PATO:0000324	white|yellow	FLOPO_0980084	Acacia etbaica ssp. uncinata: creamy flowers || Aloe sp. aff. tomentosa: creamy flowers || Andrachne aspera: creamy flowers || Andrachne aspera var. glandulosa: creamy flowers
PATO:0104002	greenish	PATO:0000320	green	FLOPO_0980085	Alternanthera pungens: tiny greenish flowers || Amaranthus graecizans: greenish or pinkish flowers || Amaranthus spinosus: tiny greenish flowers || An erect slender narrow-leaved branching: tiny greenish flowers 2 mm wide
PATO:0104003	reddish	PATO:0000322	red	FLOPO_0980086	Allophylus rubifolius: some of them reddish coloured || Ammannia baccifera: tiny round reddish fruits || Asphodelus refractus: a reddish line down the centre of each tepal || Asphodelus refractus: stems are reddish
PATO:0104004	pale lilac	PATO:0001943	lilac	FLOPO_0980087	An erect bushy leafy shrublet: pale lilac flowers || An erect woody shrublet: pale lilac flowers || Aptosimum pumilum: pale lilac flowers || Astragalus tribuloides var. minutus: pale lilac flowers
PATO:0104005	deep yellow	PATO:0000324	yellow	FLOPO_0980088	Abutilon figarianum: deep yellow flowers || Achillea biebersteinii: tiny deep yellow flowers || Argemone mexicana: deep yellow flowers || Biscutella didyma: deep yellow flowers
PATO:0104006	greyish	PATO:0000950	grey	FLOPO_0980089	An erect many-stemmed: downy greyish leaves || Bassia eriophora: small greyish leaves || Bupieriiy glosierifers: greyish leaves || Euphorbia schimperi: greyish stems
PATO:0104007	grey-green	PATO:0000950|PATO:0000320	grey|green	FLOPO_0980090	Achillea biebersteinii: feathery grey-green leaves || An erect bushy leafy shrublet: grey-green velvety leaves || Anthemis deserti: downy grey-green leaves || Caralluma edulis: grey-green stems
PATO:0104008	rosy-lilac	PATO:0001425|PATO:0000954|PATO:0000322|PATO:0001943	rosy|pink|red|lilac	FLOPO_0980091	An erect herb branching from the base with: deep rosy-lilac flowers || Astragalus abyssinicus ssp. abyssinicus: rosy-lilac || Commicarpus grandiflorus: rosy-lilac flowers || Dolichos trilobus: rosy-lilac flowers
PATO:0104009	silvery	PATO:0000950	grey	FLOPO_0980092	Argyrolobium confertum: silvery leaves || Astragalus schimperi: leaves are sometimes narrow and silvery || Astragalus trachoniticus: silvery leaves || Crotalaria quartiniana: silvery stems
PATO:0104010	papery	PATO:0000150	texture	FLOPO_0980093	Acacia ehrenbergiana: peeling papery bark || Achyranthes aspera var. sicula: pale green papery flowers || Callipeltis cucullaria: in papery bracteoles || Commiphora kataf: peeling papery bark
PATO:0104011	yellowish	PATO:0000324	yellow	FLOPO_0980094	Acacia seyal: yellowish peeling bark || Alyssum linifolium: tiny yellowish ovate flat fruits || Euphorbia hirta: yellowish flowers || Heliotropium rariflorum: very brittle yellowish stems
PATO:0104012	long narrow	PATO:0001154|PATO:0000599	elongated|decreased width	FLOPO_0980095	Acacia seyal: long narrow pods || Ammannia baccifera: usually alternate long narrow leaves || Cyamopsis senegalensis: long narrow leaflets || Erucastrum arabicum: long narrow fruits
PATO:0104013	greenish yellow	PATO:0000320|PATO:0000324	green|yellow	FLOPO_0980096	Anagyris foetida: greenish yellow flowers || Cadaba farinosa: greenish yellow flowers || Commiphora sp. nov. aff. myrrha: greenish yellow inside || Gypsophila aff. antari: greenish yellow flowers
PATO:0104014	pinkish	PATO:0000954	pink	FLOPO_0980097	Amaranthus graecizans: greenish or pinkish flowers || Dracaena serrulata: many tiny pinkish buds || Morettia canescens: pinkish flowers 2 cm wide || Phagnalon sp. aff. scalarum: pinkish flowers
PATO:0104015	creamy-white	PATO:0000323|PATO:0000324	white|yellow	FLOPO_0980098	Asystasia gangetica: creamy-white flowers 1.2 cm wide || Cordia sinensis: creamy-white flowers || Hippocrepis sp. aff. ciliata: creamy-white flowers || Hochstettera schimperi: creamy-white flowers
PATO:0104016	terete	PATO:0000052	shape	FLOPO_0980099	Cyperus conglomeratus: stiff terete leaves || Eleocharis marginulata: terete leaves || Eleocharis sp. aff. atropurpurea: terete leaves || Linaria haelava: terete leaves
PATO:0104017	purplish	PATO:0000951	purple	FLOPO_0980100	Allium pseudocalyptratum: small purplish flowers || Bupleurum gerardii: purplish fleshy flowers || Dodonaea viscosa: green and purplish flowers || Euphorbia inarticulata: small purplish erect fruits
PATO:0104018	pale greenish	PATO:0000320	green	FLOPO_0980101	An erect slender-stemmed branching leafy: pale greenish flowers || Cissus rotundifolius: pale greenish flowers || Dichrocephala chrysanthemifolia: pale greenish flowers || Pentatropis spiralis: pale greenish flowers
PATO:0104019	succulent	PATO:0002351	fleshy	FLOPO_0980102	Beta vulgaris: succulent stems || Nitraria retusa: cylindrical succulent red fruits || Suaeda aegyptiaca: small cylindrical succulent leaves || Suaeda pruinosa: succulent greenish flowers 2 mm wide
PATO:0104020	blue-green	PATO:0000318|PATO:0000320	blue|green	FLOPO_0980103	Ecbolium gymnostachyum: blue-green flowers 2 cm wide || Euphorbia retusa: blue-green leaves || Heliotropium curassavicum: blue-green glaucous leaves || Pancratium sickenbergeri: blue-green strapshaped leaves
PATO:0104021	pure white	PATO:0000323	white	FLOPO_0980104	Acacia abyssinica: pure white flowers || Barleria sp. aff. parviflora: pure white flowers || Crossandra wissmannii: opening pure white || Iris albicans: pure white flowers
PATO:0104022	scarlet	PATO:0000322	red	FLOPO_0980105	Indigofera hochstetteri: scarlet flowers || Indigofera sp. aff. trita: scarlet flowers || Lotus corniculatus: flushed with scarlet || Papaver dubium sensu lato: scarlet flowers 4 cm wide
PATO:0104023	crimson	PATO:0000322	red	FLOPO_0980106	Kalanchoe sp. aff. glaucescens: green leaves edged with crimson || Myrsine africana: tiny crowded crimson bud-like flowers 1 mm wide || Salsola volkensii: flowers reduced to crimson anthers || Tapinanthus globiferus: aging crimson
PATO:0104024	palmate	PATO:0000052	shape	FLOPO_0980107	Althaea ludwigii: deeply lobed palmate leaves || Cienfuegosia welshii: dark green palmate leaves || Corallocarpus epigeus: deeply lobed palmate leaves || Croton lobatus: large deeply lobed palmate leaves
PATO:0104025	deep rosy-lilac	PATO:0001943|PATO:0001425|PATO:0000954|PATO:0000322	lilac|rosy|pink|red	FLOPO_0980108	An erect herb branching from the base with: deep rosy-lilac flowers || Endostemon gracile: deep rosy-lilac flowers || Endostemon tenuiflorus: deep rosy-lilac flowers || Fagonia glutinosa: deep rosy-lilac flowers
PATO:0104026	bright scarlet	PATO:0000322	red	FLOPO_0980109	An erect woody shrublet: bright scarlet fruits || Euphorbia sp. aff. ammak: bright scarlet fruits || Indigofera arabica: bright scarlet flowers || Plicosepalus acaciae: aging bright scarlet
PATO:0104027	flushed with pink	PATO:0000954	pink	FLOPO_0980110	Astragalus spinosus: occasionally flushed with pink || Convolvulus arvensis: flushed with pink || Jasminum grandiflorum var. floribundum: flushed with pink behind the petals || Lonicera etrusca: flushed with pink
PATO:0104028	deep lilac	PATO:0001943	lilac	FLOPO_0980111	Astragalus vogelii: deep lilac flowers || Cakile arabica: deep lilac flowers || Horwoodia dicksoniae: deep lilac flowers wide || Lavandula dentata: deep lilac bracts
PATO:0104029	bluish	PATO:0000318	blue	FLOPO_0980112	Chrozophora tinctoria: bluish leaves || Hochstettera schimperi: prominent bluish stamens || Macrotyloma axillare var. axillare: standard with a bluish blotch || Nitraria retusa: leathery bluish leaves
PATO:0104030	lilac-blue	PATO:0001943|PATO:0000318	lilac|blue	FLOPO_0980113	Echium longifolium: age lilac-blue || Ixiolirion tataricum: tubular lilac-blue flowers || Nepeta deflersiana: lilac-blue flowers || Plectranthus tenuiflorus: lilac-blue flowers
PATO:0104031	cream	PATO:0000323|PATO:0000324	white|yellow	FLOPO_0980114	Acacia asak: white, cream, or yellow flowers || Ceropegia superba: corolla cream || Daphne linearifolia: cream or white flowers || Prosopis farcta: cream flowers
PATO:0104032	leathery	PATO:0000150	texture	FLOPO_0980115	Capparis cartilaginea: thick leathery leaves || Nitraria retusa: leathery bluish leaves || Plicosepalus acaciae: oval leathery leaves || Solenostemma oleifolium: leathery bluish leaves
PATO:0104033	deep crimson	PATO:0000322	red	FLOPO_0980116	Caralluma shadhbana var. barhana: deep crimson glabrous flowers || Paracaryum cf. rugulosum: deep crimson flowers || Scrophularia hypericifolia: deep crimson and white flowers || Teucrium yemense: deep crimson flowers
PATO:0104034	pale cream	PATO:0000323|PATO:0000324	white|yellow	FLOPO_0980117	Ceropegia sp. aff. arabica: pale cream flowers || Commiphora sp. aff. erythraea: pale cream flowers || Eulophia petersii: Large pale cream crowded pseudobulbs || Heliotropium arbainense: pale cream flowers 5 mm wide
PATO:0104035	pendent	PATO:0000133	orientation	FLOPO_0980118	Datura fastuosa: pale green warty pendent fruits || Datura innoxia: very spiny pendent fruits || Ipomoea sinensis ssp. blepharosepala: Pendent fruits || Limeum arabicum: Pendent fruits enclosed within the calyx
PATO:0104036	pale scarlet	PATO:0000322	red	FLOPO_0980119	Indigofera articulata: pale scarlet flowers || Indigofera spinosa: pale scarlet flowers || Indigofera tritoides: pale scarlet flowers || Papaver dubium: pale scarlet flowers
PATO:0104037	soft-spiny	PATO:0000387|PATO:0001365	soft|spiny	FLOPO_0980120	Medicago minima: soft-spiny fruits || Rhanterium eppaposum: soft-spiny involucre || Sida spinosa: small soft-spiny stipules || Tarchonanthus camphoratus: soft-spiny pale yellow flowers
PATO:0104038	pale bluish lilac	PATO:0000318|PATO:0001943	blue|lilac	FLOPO_0980121	Achillea biebersteinii: pale bluish lilac flowers || Convolvulus hystrix: pale bluish lilac flowers || Orobanche ramosa: pale bluish lilac flowers
PATO:0104039	feathery	PATO:0000150	texture	FLOPO_0980122	Achillea biebersteinii: feathery grey-green leaves || Artemisia abyssinica: with feathery leaves || Asemi-prostrate densely leafy herb with stems: very feathery
PATO:0104040	deeply lobed palmate	PATO:0001979|PATO:0000052	lobed|shape	FLOPO_0980123	Althaea ludwigii: deeply lobed palmate leaves || Corallocarpus epigeus: deeply lobed palmate leaves || Croton lobatus: large deeply lobed palmate leaves
PATO:0104041	velvety	PATO:0000150	texture	FLOPO_0980124	An erect bushy leafy shrublet: grey-green velvety leaves || Chorispora purpurascens: velvety lobed leaves || Leucas inflata: inflated velvety calyx
PATO:0104042	pale pinkish lilac	PATO:0000954|PATO:0001943	pink|lilac	FLOPO_0980125	Androsace maxima: large pale pinkish lilac flowers || Valerianella dufresnia: pale pinkish lilac flowers || Valerianella szovitsiana: pale pinkish lilac flowers
PATO:0104043	very slender	PATO:0000592	decreased thickness	FLOPO_0980126	Argyrolobium sp. aff. arabicum: very slender-stemmed || Juncus bufonius: very slender leaves || Silene linearis: very slender-stemmed
PATO:0104044	blackish	PATO:0000317	black	FLOPO_0980127	Astragalus trachoniticus: hairy blackish calyx || Pycreus sanguinolentus: blackish flowers || Trachyspermum ammi: blackish anthers
PATO:0104045	deep magenta	PATO:0000321	magenta	FLOPO_0980128	Boerhavia coccinea: deep magenta flowers || Digera muricata: deep magenta flowers || Erodium glaucophyllum: deep magenta flowers
PATO:0104046	deeply lobed	PATO:0001979	lobed	FLOPO_0980129	Cakile arabica: deeply lobed leaves || Conyza stricta: deeply lobed leaves || Senecio glaucus: slender deeply lobed leaves
PATO:0104047	brownish	PATO:0000952	brown	FLOPO_0980130	Dichrostachys cinerea: brownish female flowers || Potamogeton pectinatus: narrow brownish wavy-edged leaves || Potamogeton pusillus: narrow brownish leaves
PATO:0104048	rose-pink	PATO:0000954|PATO:0000322	pink|red	FLOPO_0980131	Dichrostachys cinerea: rose-pink male flowers || Erodium crassifolium: rose-pink flowers || Lotus lanuginosus: rose-pink flowers
PATO:0104049	pale pinkish	PATO:0000954	pink	FLOPO_0980132	Endostemon gracile: pale pinkish flowers || Malva verticillata: pale pinkish flowers || Pavonia arabica: pale pinkish flowers
PATO:0104050	deep lilac-blue	PATO:0000318|PATO:0001943	blue|lilac	FLOPO_0980133	Globularia arabica: deep lilac-blue scabious-like flowers || Gynandiris sisyrinchium: deep lilac-blue flowers 5.5 cm wide || Teucrium oliverianum: deep lilac-blue flowers
PATO:0104051	pale greenish yellow	PATO:0000320|PATO:0000324	green|yellow	FLOPO_0980134	Gomphocarpus fruticosus: pale greenish yellow flowers || Jatropha pelargoniifolia: pale greenish yellow flowers || Pergularia daemia: pale greenish yellow flowers
PATO:0104052	narrow cylindrical	PATO:0000599|PATO:0001873	decreased width|cylindrical	FLOPO_0980135	Indigofera phillipsiae: narrow cylindrical fruits || Indigofera sessiliflora: narrow cylindrical pods || Moricandia sinaica: narrow cylindrical fruits
PATO:0104053	pinkish lilac	PATO:0000954|PATO:0001943	pink|lilac	FLOPO_0980136	Ipomoea sinensis ssp. blepharosepala: pinkish lilac flowers || Moricandia sinaica: pinkish lilac flowers || Pisum sativum: pinkish lilac flowers
PATO:0104054	orange-yellow	PATO:0000953|PATO:0000324	orange|yellow	FLOPO_0980137	Kalanchoe crenata: orange-yellow flowers || Lindenbergia sinaica: orange-yellow flowers || Sida ovata: orange-yellow flowers
PATO:0104055	purplish-brown	PATO:0000951|PATO:0000952	purple|brown	FLOPO_0980138	Acacia asak: Flat purplish-brown pods || Holothrix arachnoidea: many purplish-brown flowers
PATO:0104056	creamy-yellow	PATO:0000323|PATO:0000324	white|yellow	FLOPO_0980139	Acacia etbaica ssp. uncinata: creamy-yellow flowers || Hippocrepis constricta: creamy-yellow flowers
PATO:0104057	very wide	PATO:0000600	increased width	FLOPO_0980140	Acacia hamulosa: pods very wide and slightly twisted || Dalechampia scandens var. cordofana: fruits cupped in 8 mm very wide
PATO:0104058	white flushed pink	PATO:0000323|PATO:0000954	white|pink	FLOPO_0980141	Acacia mellifera: white flowers flushed pink || Euphorbia granulata var. glabrata: white flowers flushed pink
PATO:0104059	pinkish white	PATO:0000954|PATO:0000323	pink|white	FLOPO_0980142	Acokanthera schimperi: pinkish white flowers || Polygonum aviculare: pinkish white flowers
PATO:0104060	almost circular	PATO:0000411	circular	FLOPO_0980143	Aerva lanata: almost circular leaves || Farsetia aegyptia: flat, almost re circular, soft-hairy fruits
PATO:0104061	pinkish fawn	PATO:0000954|PATO:0000952|PATO:0000324	pink|brown|yellow	FLOPO_0980144	Allium sindjarense: pinkish fawn flowers || Allium stamineum: pinkish fawn flowers
PATO:0104062	white flushed with pink	PATO:0000323|PATO:0000954	white|pink	FLOPO_0980145	Amygdalus arabica: white flowers flushed with pink || Biserrula pelecinus: white flowers flushed with pink
PATO:0104063	narrow dentate	PATO:0000599|PATO:0001205	decreased width|dentated	FLOPO_0980146	Amygdalus arabica: narrow dentate leaves || Sida spinosa: narrow dentate leaves
PATO:0104064	deep blue	PATO:0000318	blue	FLOPO_0980147	Anchusa affinis: brilliant deep blue flowers || Paracaryum intermedium: deep blue flowers 3 mm wide with white centre
PATO:0104065	relatively large	PATO:0000586	increased size	FLOPO_0980148	Astragalus schimperi: relatively large coarse leaves || Duvalia velutina: relatively large soft-spiny fruits
PATO:0104066	flat-sided	PATO:0000407	flat	FLOPO_0980149	Avicennia marina: flat-sided mangoshaped fruits || Rhus tripartita: bright red, shiny, flat-sided fruits
PATO:0104067	greenish white	PATO:0000320|PATO:0000323	green|white	FLOPO_0980150	Bellevalia flexuosa: greenish white tubular flowers || Solenostemma oleifolium: greenish white flowers
PATO:0104068	deep violet-blue	PATO:0000318|PATO:0001424	blue|violet	FLOPO_0980151	Campanula dulcis: deep violet-blue flowers || Campanula edulis: deep violet-blue flowers
PATO:0104069	pale blue-lilac	PATO:0001266|PATO:0001943|PATO:0000318	desaturated blue|lilac|blue	FLOPO_0980152	Campanula dulcis: pale blue-lilac flowers || Lavandula dentata: pale blue-lilac flowers
PATO:0104070	light scarlet	PATO:0000322	red	FLOPO_0980153	Capparis decidua: light scarlet flowers 3 cm wide || Indigofera oblongifolia: light scarlet flowers
PATO:0104071	mahogany-red	PATO:0000322	red	FLOPO_0980154	Caralluma commutata: flat shallow mahogany-red flowers || Caralluma sp. aff. commutata: mahogany-red flowers
PATO:0104072	green and grey mottled	PATO:0000320|PATO:0000950|PATO:0002274	green|grey|mottled	FLOPO_0980155	Caralluma commutata: green and grey mottled stems || Caralluma sp. aff. commutata: green and grey mottled stems
PATO:0104073	deep orange	PATO:0000953	orange	FLOPO_0980156	Caylusea hexagyna: deep orange anthers || Grewia villosa: deep orange- and young stems
PATO:0104074	narrow lobed	PATO:0000599|PATO:0001979	decreased width|lobed	FLOPO_0980157	Centaurea ammocyanus: narrow lobed grey leaves || Hyoscyamus pusillus: with narrow lobed leaves
PATO:0104075	spotted with crimson	PATO:0000333|PATO:0000322	spotted|red	FLOPO_0980158	Cienfuegosia welshii: also spotted with crimson || Cienfuegosia welshii: the petals spotted with crimson
PATO:0104076	lemon-yellow	PATO:0000324	yellow	FLOPO_0980159	Cleome brachycarpa: lemon-yellow flowers || Echinops glaberrimus: leaves and buds are lemon-yellow
PATO:0104077	very pale blue	PATO:0000318	blue	FLOPO_0980160	Commelina albescens: very pale blue flowers || Echinops viscosus: very pale blue flowers
PATO:0104078	bright magenta-pink	PATO:0001275|PATO:0000954|PATO:0000321	saturated magenta|pink|magenta	FLOPO_0980161	Corbichonia decumbens: bright magenta-pink flowers || Tephrosia purpurea ssp. leptostachya var. leptostachya: bright magenta-pink flowers
PATO:0104079	reddish-purple	PATO:0000322|PATO:0000951	red|purple	FLOPO_0980162	Cotoneaster racemiflora: small reddish-purple fruits || Terminalia brownii: Reddish-purple fruits
PATO:0104080	three-angled	PATO:0000617	bent	FLOPO_0980163	Drimia maritima: the three-angled fruits || Euphorbia heterophylla: three-angled fruits
PATO:0104081	deep rosy-pink	PATO:0000954|PATO:0001425|PATO:0000322	pink|rosy|red	FLOPO_0980164	Epilobium hirsutum: deep rosy-pink flowers || Tamarix aucheriana: deep rosy-pink flowers
PATO:0104082	green and brown	PATO:0000320|PATO:0000952	green|brown	FLOPO_0980165	Eulophia petersii: sepals and petals geen and brown || Eulophia petersii: sepals and petals geen and brown
PATO:0104083	rolled back at the tip	PATO:0001901	back	FLOPO_0980166	Eulophia petersii: rolled back at the tip || Eulophia petersii: rolled back at the tip
PATO:0104084	apricot-yellow	PATO:0000324	yellow	FLOPO_0980167	Euphorbia schimperi: apricot-yellow flowers || Rhynchosia malacophylla vergensad R. minima: apricot-yellow flowers
PATO:0104085	deep purple	PATO:0000951	purple	FLOPO_0980168	Ficus carica: small deep purple ripe fruits || Roemeria hybrida: deep purple flowers
PATO:0104086	fairly large	PATO:0000586	increased size	FLOPO_0980169	Ficus carica: fairly large dentate leaves || Hibiscus sp. aff. aponeurus: fairly large downy leaves
PATO:0104087	deep purplish red	PATO:0000951|PATO:0000322	purple|red	FLOPO_0980170	Hibiscus trionum: creamy flowers 2.6 cm wide with deep purplish red centre || Sida ovata: deep purplish red flowers
PATO:0104088	slightly curved	PATO:0000406	curved	FLOPO_0980171	Hippocrepis constricta: slightly curved pods || Hippocrepis sp. aff. ciliata: slightly curved pods
PATO:0104089	very large	PATO:0000586	increased size	FLOPO_0980172	Hyoscyamus pusillus: cupped in a very large calyx || Senecio hadiensis: very large glabrous leaves
PATO:0104090	narrow flat	PATO:0000599|PATO:0000407	decreased width|flat	FLOPO_0980173	Linaria haelava: narrow flat leaves || Linaria simplex: narrow flat leaves
PATO:0104091	golden	PATO:0000324	yellow	FLOPO_0980174	Lonicera etrusca: turning golden || Plectranthus arabicus: that dry a golden colour
PATO:0104092	pale lilac and white	PATO:0001943|PATO:0000323	lilac|white	FLOPO_0980175	Malcolmia chia: pale lilac and white flowers || Scutellaria arabica: pale lilac and white flowers
PATO:0104093	almost round	PATO:0000411	circular	FLOPO_0980176	Mesembryanthemum nodiflorum: small almost round leaves || Senecio flavus: almost round dentate leaves
PATO:0104094	white flushed with lilac	PATO:0000323|PATO:0001943	white|lilac	FLOPO_0980177	Misopates orontium: white flowers flushed with lilac || Silene sp. aff. burchellii: white flowers flushed with lilac
PATO:0104095	greenish-yellow	PATO:0000320|PATO:0000324	green|yellow	FLOPO_0980178	Rhus tripartita: greenish-yellow flowers || Suaeda aegyptiaca: greenish-yellow flowers
PATO:0104096	pink and red	PATO:0000954|PATO:0000322	pink|red	FLOPO_0980179	Rumex vesicarius: pink and red sepals || Salvadora persica: juicy pink and red edible berries
PATO:0104097	banded and tessellated yellow and blue-green	PATO:0001946|PATO:0000324|PATO:0000318|PATO:0000320	banded|yellow|blue|green	FLOPO_0980180	Sansevieria abyssinica: banded and tessellated yellow and blue-green || Sansevieria abyssinica: banded and tessellated yellow and blue-green
PATO:0104098	flat oval	PATO:0000407|PATO:0000947	flat|elliptic	FLOPO_0980181	Savignya parviflora: flat oval fruits || Taverniera lappacea: flat oval stiff-hairy pods
PATO:0104099	glaucous blue-green	PATO:0000320|PATO:0000014|PATO:0000318	green|color|blue	FLOPO_0980182	Silene macrosolen: glaucous blue-green leaves || Silene schimperiana: glaucous blue-green leaves
PATO:0104100	slender cylindrical	PATO:0000592|PATO:0001873	decreased thickness|cylindrical	FLOPO_0980183	Torularia torulosa: slender cylindrical fruits || Torularia torulosa: slender cylindrical fruits which corkscrew
PATO:0104101	long straight	PATO:0001154|PATO:0002180	elongated|straight	FLOPO_0980184	Acacia abyssinica: long straight pods
PATO:0104102	golden-yellow	PATO:0000324	yellow	FLOPO_0980185	Acacia asak: fleshy golden-yellow pods
PATO:0104103	slightly twisted	PATO:0001798	kinked	FLOPO_0980186	Acacia asak: slightly twisted
PATO:0104104	white, cream, or yellow	PATO:0000323|PATO:0000324	white|yellow	FLOPO_0980187	Acacia asak: white, cream, or yellow flowers
PATO:0104105	peeling papery	PATO:0000150	texture	FLOPO_0980188	Acacia ehrenbergiana: peeling papery bark
PATO:0104106	slightly blue-green	PATO:0000320|PATO:0000318	green|blue	FLOPO_0980189	Acacia nubica: slightly blue-green leaves
PATO:0104107	fawn	PATO:0000952|PATO:0000324	brown|yellow	FLOPO_0980190	Acantholepis orientalis: fawn bud-like flowers
PATO:0104108	glossy orange	PATO:0001373|PATO:0000953	glistening|orange	FLOPO_0980191	Adonis dentata: glossy orange flowers
PATO:0104109	dying fawn	PATO:0000952|PATO:0000324	brown|yellow	FLOPO_0980192	Ajuga chamaepitys ssp. tridactylites: dying fawn flowers 6 mm long
PATO:0104110	green and white	PATO:0000320|PATO:0000323	green|white	FLOPO_0980193	Allium sinaiticum: small green and white flowers
PATO:0104111	deep pinkish red	PATO:0000954|PATO:0000322	pink|red	FLOPO_0980194	Aloe sheilae: deep pinkish red flowers
PATO:0104112	orange-red	PATO:0000953|PATO:0000322	orange|red	FLOPO_0980195	Aloe vacillans: orange-red flowers
PATO:0104113	red or yellow	PATO:0000322|PATO:0000324	red|yellow	FLOPO_0980196	Aloe vera: red or yellow flowers
PATO:0104114	yellowish-green	PATO:0000324|PATO:0000320	yellow|green	FLOPO_0980197	Alternanthera pungens: thick yellowish-green leaves
PATO:0104115	greenish cream	PATO:0000320|PATO:0000323|PATO:0000324	green|white|yellow	FLOPO_0980198	Although not many species of this family: greenish cream flowers
PATO:0104116	greenish or pinkish	PATO:0000320|PATO:0000954	green|pink	FLOPO_0980199	Amaranthus graecizans: greenish or pinkish flowers
PATO:0104117	bristly	PATO:0000150	texture	FLOPO_0980200	Amaranthus hybridus: short bristly hairs
PATO:0104118	pale yellowish	PATO:0000324	yellow	FLOPO_0980201	Ambrosia maritima: pale yellowish flowers
PATO:0104119	very red	PATO:0000322	red	FLOPO_0980202	An erect bushy herb: Very red root
PATO:0104120	apricot-yellow with deep crimson centre	PATO:0000322|PATO:0000324	red|yellow	FLOPO_0980203	An erect many-stemmed: apricot-yellow with deep crimson centre
PATO:0104121	brilliant deep blue	PATO:0000318	blue	FLOPO_0980204	Anchusa affinis: brilliant deep blue flowers
PATO:0104122	pale rose-pink	PATO:0000954|PATO:0000322	pink|red	FLOPO_0980205	Anchusa milleri: pale rose-pink flowers 5 mm wide
PATO:0104123	deep green	PATO:0000320	green	FLOPO_0980206	Andrachne telephioides: deep green orbicular leaves
PATO:0104124	lilac or deep blue	PATO:0001943|PATO:0000318	lilac|blue	FLOPO_0980207	Anticharis glandulosa: lilac or deep blue flowers
PATO:0104125	deep lilac purple	PATO:0001943|PATO:0000951	lilac|purple	FLOPO_0980208	Anticharis linearis: tubular deep lilac purple flowers
PATO:0104126	greenish golden	PATO:0000320|PATO:0000324	green|yellow	FLOPO_0980209	Argyrolobium sp. aff. arabicum: greenish golden flowers
PATO:0104127	upper ones tiny	PATO:0000587	decreased size	FLOPO_0980210	Artemisia abyssinica: the upper ones tiny
PATO:0104128	bright dark green	PATO:0000320	green	FLOPO_0980211	Asemi-prostrate densely leafy herb with stems: bright dark green
PATO:0104129	very feathery	PATO:0000150	texture	FLOPO_0980212	Asemi-prostrate densely leafy herb with stems: very feathery
PATO:0104130	reddish line	PATO:0000322	red	FLOPO_0980213	Asphodelus refractus: a reddish line down the centre of each tepal
PATO:0104131	flat-sided curved	PATO:0000407|PATO:0000406	flat|curved	FLOPO_0980214	Astragalus annularis: flat-sided curved pods
PATO:0104132	lilac flushed	PATO:0001943	lilac	FLOPO_0980215	Astragalus atropilosus: white, lilac flushed flowers
PATO:0104133	white, lilac flushed	PATO:0000323|PATO:0001943	white|lilac	FLOPO_0980216	Astragalus atropilosus: white, lilac flushed flowers
PATO:0104134	pink (occasionally flushed)	PATO:0000954	pink	FLOPO_0980217	Astragalus spinosus: occasionally flushed with pink
PATO:0104135	short plump erect	PATO:0000569|PATO:0000622	decreased height|erect	FLOPO_0980218	Astragalus tribuloides var. minutus: short plump erect hairy pods
PATO:0104136	fat spherical	PATO:0001499	spherical	FLOPO_0980219	Atractylis cancellata: fat spherical flowers
PATO:0104137	slender curved spiny	PATO:0000592|PATO:0000406|PATO:0001365	decreased thickness|curved|spiny	FLOPO_0980220	Atractylis cancellata: slender curved spiny bracts
PATO:0104138	slender curved	PATO:0000592|PATO:0000406	decreased thickness|curved	FLOPO_0980221	Atractylis cancellata: slender curved spiny bracts
PATO:0104139	lobed dentate	PATO:0001979|PATO:0001205	lobed|dentated	FLOPO_0980222	Atractylis carduus: lobed dentate leaves
PATO:0104140	flat-sided mangoshaped	PATO:0000407	flat	FLOPO_0980223	Avicennia marina: flat-sided mangoshaped fruits
PATO:0104141	oval pear-shaped	PATO:0000947	elliptic	FLOPO_0980224	Balanites aegyptiaca: oval pear-shaped
PATO:0104142	slender tubular	PATO:0000592|PATO:0002299	decreased thickness|tubular	FLOPO_0980225	Barleria acanthoides: slender tubular corolla
PATO:0104143	pale lilac-blue	PATO:0000318|PATO:0001943	blue|lilac	FLOPO_0980226	Barleria hochstetteri: pale lilac-blue flowers
PATO:0104144	deep glowing orange	PATO:0000953	orange	FLOPO_0980227	Barleria proxima: deep glowing orange flowers
PATO:0104145	deep maroon-purple	PATO:0000951	purple	FLOPO_0980228	Barleria sp. aff. parviflora: deep maroon-purple flowers
PATO:0104146	deep bright blue to almost white	PATO:0000318|PATO:0000323	blue|white	FLOPO_0980229	Blepharis ciliaris: vary in colour from deep bright blue to almost white
PATO:0104147	long exserted	PATO:0001154|PATO:0000623	elongated|exserted	FLOPO_0980230	Buddleja polystachya: long exserted stamens
PATO:0104148	cordate wavy-edged	PATO:0000948	heart shaped	FLOPO_0980231	Bupleurum gerardii: cordate wavy-edged leaves
PATO:0104149	simple grass-like	PATO:0001503	simple	FLOPO_0980232	Bupleurum gerardii: simple grass-like leaves
PATO:0104150	brilliant deep red	PATO:0000322	red	FLOPO_0980233	Cadaba glandulosa: brilliant deep red inside
PATO:0104151	dark pink	PATO:0000954	pink	FLOPO_0980234	Cadia purpurea: aging dark pink
PATO:0104152	hard curved	PATO:0000386|PATO:0000406	hard|curved	FLOPO_0980235	Calendula arvensis: hard curved fruits
PATO:0104153	more rounded	PATO:0000411	circular	FLOPO_0980236	Callipeltis aperta: the bracteoles are more rounded
PATO:0104154	fading white	PATO:0000323	white	FLOPO_0980237	Campanula dulcis: fading white
PATO:0104155	flat shallow mahogany-red	PATO:0000322|PATO:0000407|PATO:0001472	red|flat|decreased depth	FLOPO_0980238	Caralluma commutata: flat shallow mahogany-red flowers
PATO:0104156	very deep purplish-black	PATO:0000317|PATO:0000951	black|purple	FLOPO_0980239	Caralluma deflersiana: very deep purplish-black flowers
PATO:0104157	purplish-black	PATO:0000951|PATO:0000317	purple|black	FLOPO_0980240	Caralluma deflersiana: very deep purplish-black flowers
PATO:0104158	pale greenish-fawn	PATO:0000952|PATO:0000324|PATO:0000320	brown|yellow|green	FLOPO_0980241	Caralluma edulis: pale greenish-fawn cup-shaped flowers
PATO:0104159	dark purplish-red	PATO:0000322|PATO:0000951	red|purple	FLOPO_0980242	Caralluma shadhbana: dark purplish-red flowers 1 cm wide
PATO:0104160	green-backed with red freckles	PATO:0000320|PATO:0000322	green|red	FLOPO_0980243	Caralluma shadhbana: the flowers are green-backed with red freckles
PATO:0104161	green-backed	PATO:0000320	green	FLOPO_0980244	Caralluma shadhbana: the flowers are green-backed with red freckles
PATO:0104162	wide flat curved	PATO:0000600|PATO:0000407|PATO:0000406	increased width|flat|curved	FLOPO_0980245	Cassia holosericea: wide flat curved pods
PATO:0104163	pink and white	PATO:0000954|PATO:0000323	pink|white	FLOPO_0980246	Celosia trigyna: pink and white flowers
PATO:0104164	reddish green	PATO:0000322|PATO:0000320	red|green	FLOPO_0980247	Celtis africana: reddish green flowers
PATO:0104165	pale creamy	PATO:0000323|PATO:0000324	white|yellow	FLOPO_0980248	Centaurea sinaica: pale creamy flowers
PATO:0104166	cream freckled with crimson spots	PATO:0000323|PATO:0000324|PATO:0000322	white|yellow|red	FLOPO_0980249	Ceropegia sp. aff. devecchii var. adelaidae: the corolla cream freckled with crimson spots
PATO:0104167	creamy with palegreen longitudinal lines	PATO:0000323|PATO:0000324	white|yellow	FLOPO_0980250	Ceropegia sp. aff. variegata: the corolla creamy with palegreen longitudinal lines
PATO:0104168	pale greygreen with red streaks and freckles	PATO:0000322	red	FLOPO_0980251	Ceropegia sp. aff. variegata: corolla pale greygreen with red streaks and freckles
PATO:0104169	flat, round	PATO:0000407|PATO:0000411	flat|circular	FLOPO_0980252	Chorispora purpurascens: crowded flat, round fruits
PATO:0104170	rough cylindrical	PATO:0000700|PATO:0001873	rough|cylindrical	FLOPO_0980253	Chorispora purpurascens: rough cylindrical fruits
PATO:0104171	blue-lilac	PATO:0000318|PATO:0001943	blue|lilac	FLOPO_0980254	Cicer cuneatum: blue-lilac flowers
PATO:0104172	bright rich blue	PATO:0000318	blue	FLOPO_0980255	Cicer cuneatum: bright rich blue flowers
PATO:0104173	sky-blue	PATO:0000318	blue	FLOPO_0980256	Cichorium bottae: sky-blue flowers
PATO:0104174	sky blue	PATO:0000318	blue	FLOPO_0980257	Cichorium intybus: sky blue flowers
PATO:0104175	almost orbicular	PATO:0001934	orbicular	FLOPO_0980258	Cineraria abyssinica: almost orbicular
PATO:0104176	smooth round	PATO:0000701|PATO:0000411	smooth|circular	FLOPO_0980259	Citrullus colocynthis: smooth round bitter fruits
PATO:0104177	brown and white	PATO:0000952|PATO:0000323	brown|white	FLOPO_0980260	Cleome amblyocarpa: small brown and white flowers
PATO:0104178	sandy-yellow	PATO:0000324	yellow	FLOPO_0980261	Cleome schweinfurthii: striped with sandy-yellow
PATO:0104179	chestnut-brown	PATO:0000952	brown	FLOPO_0980262	Cleome trinervia: chestnut-brown flowers
PATO:0104180	cream flushed with red	PATO:0000323|PATO:0000324|PATO:0000322	white|yellow|red	FLOPO_0980263	Colutea istria: ripe pods cream flushed with red
PATO:0104181	dark-green	PATO:0000320	green	FLOPO_0980264	Combretum molle: dark-green-leaved
PATO:0104182	pale bluish-lilac	PATO:0001943|PATO:0000318	lilac|blue	FLOPO_0980265	Commelina sp. aff. albescens: pale bluish-lilac flowers
PATO:0104183	pale rose-lilac	PATO:0001943|PATO:0000954|PATO:0000322	lilac|pink|red	FLOPO_0980266	Commicarpus helenae: pale rose-lilac flowers
PATO:0104184	pink-flushed	PATO:0000954	pink	FLOPO_0980267	Commiphora kataf: oval pink-flushed fruits
PATO:0104185	almost globular	PATO:0001499	spherical	FLOPO_0980268	Commiphora kataf: almost globular green fruits
PATO:0104186	creamy-pink	PATO:0000323|PATO:0000324|PATO:0000954	white|yellow|pink	FLOPO_0980269	Commiphora kataf: creamy-pink flowers
PATO:0104187	red flushed green	PATO:0000322|PATO:0000320	red|green	FLOPO_0980270	Commiphora madagascariensis: red flushed green pate
PATO:0104188	oval mango-shaped	PATO:0000947	elliptic	FLOPO_0980271	Commiphora myrrha: oval mango-shaped fruits
PATO:0104189	deep red	PATO:0000322	red	FLOPO_0980272	Commiphora quadricincta: deep red flowers
PATO:0104190	almost spherical	PATO:0001499	spherical	FLOPO_0980273	Commiphora sp. aff. erythraea: almost spherical fruits
PATO:0104191	greenish yellow inside	PATO:0000320|PATO:0000324	green|yellow	FLOPO_0980274	Commiphora sp. nov. aff. myrrha: greenish yellow inside
PATO:0104192	pink streaked	PATO:0000954	pink	FLOPO_0980275	Convolvulus deserti: streaked with pink behind
PATO:0104193	streaked with pink behind	PATO:0000954	pink	FLOPO_0980276	Convolvulus deserti: streaked with pink behind
PATO:0104194	inflated oval	PATO:0002376|PATO:0000947	inflated|elliptic	FLOPO_0980277	Crotalaria leptocarpa: inflated oval pods
PATO:0104195	slightly rounded	PATO:0000411	circular	FLOPO_0980278	Crotalaria quartiniana: slightly rounded
PATO:0104196	clustered along the apical portion	PATO:0001629	aggregated	FLOPO_0980279	Croton lobatus: male flowers clustered along the apical portion
PATO:0104197	smooth oval	PATO:0000701|PATO:0000947	smooth|elliptic	FLOPO_0980280	Cucumis melo: smooth oval fruits
PATO:0104198	white-hairy	PATO:0000323|PATO:0000454	white|hairy	FLOPO_0980281	Cucumis melo: coarse white-hairy stems
PATO:0104199	green-striped	PATO:0000320|PATO:0001946	green|banded	FLOPO_0980282	Cucumis prophetarum: green-striped fruit
PATO:0104200	yellow green-veined	PATO:0001941|PATO:0000324|PATO:0000320	yellow green|yellow|green	FLOPO_0980283	Cucumis prophetarum: yellow green-veined flowers
PATO:0104201	bluish-lilac	PATO:0000318|PATO:0001943	blue|lilac	FLOPO_0980284	Cyanotis nyctitropa: bluish-lilac flowers
PATO:0104202	chestnut-red	PATO:0000322	red	FLOPO_0980285	Cyperus rigidifolius: chestnut-red glumes
PATO:0104203	cream or white	PATO:0000323|PATO:0000324	white|yellow	FLOPO_0980286	Daphne linearifolia: cream or white flowers
PATO:0104204	pointed black	PATO:0002258|PATO:0000317	pointed|black	FLOPO_0980287	Daphne mucronata: pointed black seed
PATO:0104205	four-petalled bulbous	PATO:0002210	bulbous	FLOPO_0980288	Daphne mucronata: cupped in a four-petalled bulbous calyx
PATO:0104206	unevenly lobed	PATO:0001979	lobed	FLOPO_0980289	Datura stramonium: bright green unevenly lobed leaves
PATO:0104207	pale blue flushed with purple	PATO:0000318|PATO:0000951	blue|purple	FLOPO_0980290	Delphinium sheilae: pale blue flowers flushed with purple
PATO:0104208	flushed with purple	PATO:0000951	purple	FLOPO_0980291	Delphinium sheilae: pale blue flowers flushed with purple
PATO:0104209	segmented pod-like	PATO:0002312	segmented	FLOPO_0980292	Desmodium gangeticum: segmented pod-like fruits
PATO:0104210	tangled spirally curved	PATO:0001846|PATO:0000406	tangled|curved	FLOPO_0980293	Dichrostachys cinerea: very tangled spirally curved fruits
PATO:0104211	spirally curved	PATO:0000406	curved	FLOPO_0980294	Dichrostachys cinerea: very tangled spirally curved fruits
PATO:0104212	greenish brown	PATO:0000320|PATO:0000952	green|brown	FLOPO_0980295	Dipcadi serotinum: narrow greenish brown flowers
PATO:0104213	scarlet-flushed	PATO:0000322	red	FLOPO_0980296	Dodonaea viscosa: large scarlet-flushed winged fruits
PATO:0104214	green and purplish	PATO:0000320|PATO:0000951	green|purple	FLOPO_0980297	Dodonaea viscosa: green and purplish flowers
PATO:0104215	pale greenish red	PATO:0000320|PATO:0000322	green|red	FLOPO_0980298	Duvalia velutina: pale greenish red flowers
PATO:0104216	pale brownish	PATO:0000952	brown	FLOPO_0980299	Echinops viscosus: stems are pale brownish
PATO:0104217	long distinctive	PATO:0001154	elongated	FLOPO_0980300	Endostemon gracile: cupped in a long distinctive calyx
PATO:0104218	white and lilac	PATO:0000323|PATO:0001943	white|lilac	FLOPO_0980301	Eremobium aegyptiacum: white and lilac flowers
PATO:0104219	white, lilac	PATO:0000323|PATO:0001943	white|lilac	FLOPO_0980302	Eremobium aegyptiacum: white and lilac flowers
PATO:0104220	bright lilac-blue	PATO:0000318|PATO:0001943	blue|lilac	FLOPO_0980303	Erodium ciconium: bright lilac-blue flowers
PATO:0104221	narrow deeply lobed	PATO:0000599|PATO:0001979	decreased width|lobed	FLOPO_0980304	Erucaria hispanica: narrow deeply lobed leaves
PATO:0104222	large pale cream	PATO:0000586|PATO:0000323|PATO:0000324	increased size|white|yellow	FLOPO_0980305	Eulophia petersii: Large pale cream crowded pseudobulbs
PATO:0104223	very pale green	PATO:0000320	green	FLOPO_0980306	Euphorbia ammak: very pale green fruits
PATO:0104224	four-angled	PATO:0000617	bent	FLOPO_0980307	Euphorbia sp. aff. ammak: fourangled stems
PATO:0104225	constricted at intervals	PATO:0001847	constricted	FLOPO_0980308	Euphorbia sp. aff. fractiflexa ae: constricted at intervals
PATO:0104226	pale lilac-pink	PATO:0000954|PATO:0001943	pink|lilac	FLOPO_0980309	Fagonia tristris var. boveana: pale lilac-pink flowers
PATO:0104227	flat, almost re circular	PATO:0000407|PATO:0000411	flat|circular	FLOPO_0980310	Farsetia aegyptia: flat, almost re circular, soft-hairy fruits
PATO:0104228	white rosy-lilac	PATO:0001943|PATO:0000323|PATO:0001425|PATO:0000954|PATO:0000322	lilac|white|rosy|pink|red	FLOPO_0980311	Farsetia burtonae: white rosy-lilac flowers
PATO:0104229	green flushed red	PATO:0000320|PATO:0000322	green|red	FLOPO_0980312	Ficus populifolia: green flushed red
PATO:0104230	pinkish green	PATO:0000954|PATO:0000320	pink|green	FLOPO_0980313	Galium aparinoides: pinkish green flowers
PATO:0104231	reddish-brown	PATO:0000322|PATO:0000952	red|brown	FLOPO_0980314	Glossonema edule: reddish-brown flowers
PATO:0104232	pale creamy-white	PATO:0000323|PATO:0000324	white|yellow	FLOPO_0980315	Gossypium hirsutum: pale creamy-white flowers
PATO:0104233	small round dentate	PATO:0000587|PATO:0000411|PATO:0001205	decreased size|circular|dentated	FLOPO_0980316	Grewia tenax: small round dentate leaves
PATO:0104234	white flushed with pale lilac	PATO:0000323|PATO:0001943	white|lilac	FLOPO_0980317	Gynandropsis gynandra: white flowers flushed with pale lilac
PATO:0104235	lobed palmate	PATO:0001979|PATO:0000052	lobed|shape	FLOPO_0980318	Gynandropsis gynandra: lobed palmate leaves
PATO:0104236	reduced to yellow stamens	PATO:0000587|PATO:0000324	decreased size|yellow	FLOPO_0980319	Halopeplis perfoliata: flowers reduced to yellow stamens
PATO:0104237	silver-grey	PATO:0000950	grey	FLOPO_0980320	Haloxylon ammodendron: silver-grey trunk
PATO:0104238	papery yellow	PATO:0000150|PATO:0000324	texture|yellow	FLOPO_0980321	Hedypnois cretica: papery yellow flowers 6 mm wide
PATO:0104239	very brittle	PATO:0002477	brittle	FLOPO_0980322	Heliotropium rariflorum: very brittle yellowish stems
PATO:0104240	dark crimson-red	PATO:0000322	red	FLOPO_0980323	Hibiscus deflersii: dark crimson-red flowers
PATO:0104241	long slender	PATO:0001154|PATO:0000592	elongated|decreased thickness	FLOPO_0980324	Hippocrepis unisiliquosa: long slender pods
PATO:0104242	soft felted	PATO:0000387	soft	FLOPO_0980325	Hochstettera schimperi: small soft felted leaves
PATO:0104243	large round winged	PATO:0000586|PATO:0000411	increased size|circular	FLOPO_0980326	Horwoodia dicksoniae: large round winged fruits
PATO:0104244	whitish lilac	PATO:0000323|PATO:0001943	white|lilac	FLOPO_0980327	Horwoodia dicksoniae: whitish lilac flowers 1 cm
PATO:0104245	large toothed	PATO:0000586|PATO:0001205	increased size|dentated	FLOPO_0980328	Hyoscyamus pusillus: cupped in a large toothed calyx
PATO:0104246	reddish brown	PATO:0000322|PATO:0000952	red|brown	FLOPO_0980329	Hyphaene thebaica: angled reddish brown fruits
PATO:0104247	long and narrow	PATO:0001154|PATO:0000599	elongated|decreased width	FLOPO_0980330	Indigofera linifolia: the centre leaflet long and narrow
PATO:0104248	greatly reduced	PATO:0000587	decreased size	FLOPO_0980331	Indigofera linifolia: the two side ones greatly reduced
PATO:0104249	rosy-pink	PATO:0001425|PATO:0000954|PATO:0000322	rosy|pink|red	FLOPO_0980332	Indigofera schimperi: rosy-pink flowers
PATO:0104250	short pagoda-like	PATO:0000569	decreased height	FLOPO_0980333	Indigofera sessiliflora: short pagoda-like spikes
PATO:0104251	narrow heart-shaped	PATO:0000599	decreased width	FLOPO_0980334	Ipomoea sinensis ssp. blepharosepala: narrow heart-shaped leaves
PATO:0104252	greenish-gold	PATO:0000320	green	FLOPO_0980335	Iris albicans: flushed with greenish-gold in the throat
PATO:0104253	greenish red	PATO:0000320|PATO:0000322	green|red	FLOPO_0980336	Jatropha spinosa: greenish red flowers
PATO:0104254	slightly variable	PATO:0001227	variant	FLOPO_0980337	Kalanchoe alternans: colour slightly variable
PATO:0104255	pinkish red	PATO:0000954|PATO:0000322	pink|red	FLOPO_0980338	Kalanchoe sp. aff. glaucescens: pinkish red flowers
PATO:0104256	curved, separated claw-shaped	PATO:0000406	curved	FLOPO_0980339	Koelpinia linearis: large, curved, separated claw-shaped fruits
PATO:0104257	bright lilac and pink	PATO:0001943|PATO:0000954	lilac|pink	FLOPO_0980340	Lantana viburnoides: bright lilac and pink flowers
PATO:0104258	narrow grass-like	PATO:0000599	decreased width	FLOPO_0980341	Lathyrus pratensis: narrow grass-like leaves
PATO:0104259	cottony	PATO:0000150	texture	FLOPO_0980342	Launaea angustifolia: pappus on the seeds very cottony
PATO:0104260	blue or lilac	PATO:0000318|PATO:0001943	blue|lilac	FLOPO_0980343	Lavandula stricta: blue or lilac flowers
PATO:0104261	flat circular	PATO:0000407|PATO:0000411	flat|circular	FLOPO_0980344	Lobularia libyca: flat circular fruits
PATO:0104262	tubular creamy	PATO:0002299|PATO:0000323|PATO:0000324	tubular|white|yellow	FLOPO_0980345	Lonicera etrusca: tubular creamy flowers
PATO:0104263	yellow or reddish orange	PATO:0000324|PATO:0000322|PATO:0000953	yellow|red|orange	FLOPO_0980346	Lotus corniculatus: yellow or reddish orange flowers
PATO:0104264	dense thicket	PATO:0001164	dense	FLOPO_0980347	Lycium sp. nov. aff. depressum: forming a dense thicket
PATO:0104265	lilac-pink	PATO:0001943|PATO:0000954	lilac|pink	FLOPO_0980348	Lythrum hyssopifolia: lilac-pink flowers
PATO:0104266	several metres long	PATO:0001154	elongated	FLOPO_0980349	Macrotyloma axillare var. axillare: stems several metres long
PATO:0104267	yellowish green	PATO:0000324|PATO:0000320	yellow|green	FLOPO_0980350	Maerua crassifolia: flowers with yellowish green sepals
PATO:0104268	white tinged with pink	PATO:0000323|PATO:0000954	white|pink	FLOPO_0980351	Malva neglecta: white flowers tinged with pink
PATO:0104269	very pale pink	PATO:0000954	pink	FLOPO_0980352	Malva parviflora: very pale pink flowers
PATO:0104270	red flushed pale yellowish	PATO:0000322|PATO:0000324	red|yellow	FLOPO_0980353	Maytenus heterophylla: red flushed pale yellowish fruits
PATO:0104271	slightly spatulate	PATO:0001937	spatulate	FLOPO_0980354	Maytenus heterophylla: slightly spatulate leaves
PATO:0104272	green flushed with red	PATO:0000320|PATO:0000322	green|red	FLOPO_0980355	Maytenus senegalensis: the green fruits flushed with red
PATO:0104273	creamy-green	PATO:0000323|PATO:0000324|PATO:0000320	white|yellow|green	FLOPO_0980356	Maytenus undata: creamy-green flowers
PATO:0104274	spirally coiled	PATO:0000404	coiled	FLOPO_0980357	Medicago minima: slightly spirally coiled
PATO:0104275	flat spirally coiled	PATO:0000407|PATO:0000404	flat|coiled	FLOPO_0980358	Medicago polymorpha: flat spirally coiled spiny fruits
PATO:0104276	pale salmon-pink	PATO:0000954	pink	FLOPO_0980359	Merremia semisagitta: pale salmon-pink flowers
PATO:0104277	glaucous	PATO:0000014	color	FLOPO_0980360	Moricandia sinaica: thick brittle glaucous leaves
PATO:0104278	thick brittle	PATO:0000591|PATO:0002477	increased thickness|brittle	FLOPO_0980361	Moricandia sinaica: thick brittle glaucous leaves
PATO:0104279	small narrow	PATO:0000587|PATO:0000599	decreased size|decreased width	FLOPO_0980362	Myosotis ramosissima: small narrow fruits
PATO:0104280	bright sky-blue	PATO:0000318	blue	FLOPO_0980363	Myosotis ramosissima: bright sky-blue flowers
PATO:0104281	dark purplish	PATO:0000951	purple	FLOPO_0980364	Myrtus communis: dark purplish fruits
PATO:0104282	dead white	PATO:0001422|PATO:0000323	dead|white	FLOPO_0980365	Myrtus communis: dead white flowers
PATO:0104283	purple-magenta	PATO:0000951|PATO:0000321	purple|magenta	FLOPO_0980366	Onopordon heteracanthum: purple-magenta flowers
PATO:0104284	blue and white	PATO:0000318|PATO:0000323	blue|white	FLOPO_0980367	Orobanche mutellii var. angustiflora: blue and white flowers
PATO:0104285	white flushed with purplish	PATO:0000323|PATO:0000951	white|purple	FLOPO_0980368	Orobanche mutellii var. angustiflora: flower colour variable, white flushed with purplish
PATO:0104286	variable, white flushed with purplish	PATO:0001227|PATO:0000323|PATO:0000951	variant|white|purple	FLOPO_0980369	Orobanche mutellii var. angustiflora: flower colour variable, white flushed with purplish
PATO:0104287	slightly hairy	PATO:0000454	hairy	FLOPO_0980370	Orobanche oxyloba var. oxyloba: flowers slightly hairy
PATO:0104288	very long	PATO:0001154	elongated	FLOPO_0980371	Pancratium sickenbergeri: very long narrow bulb
PATO:0104289	pale greenish-white	PATO:0000323|PATO:0000320	white|green	FLOPO_0980372	Paronychia arabica: pale greenish-white papery flowers
PATO:0104290	slender spidery	PATO:0000592	decreased thickness	FLOPO_0980373	Pavonia kotschyi: slender spidery bracts
PATO:0104291	pale reddish	PATO:0000322	red	FLOPO_0980374	Pergularia tomentosa: pale reddish flowers
PATO:0104292	greyish heart-shaped	PATO:0000950	grey	FLOPO_0980375	Pergularia tomentosa: greyish heart-shaped leaves
PATO:0104293	bright deep blue	PATO:0000318	blue	FLOPO_0980376	Plectranthus arabicus: bright deep blue flowers
PATO:0104294	deep violet	PATO:0001424	violet	FLOPO_0980377	Plectranthus asirensis: deep violet flowers
PATO:0104295	fleshy green	PATO:0002351|PATO:0000320	fleshy|green	FLOPO_0980378	Plicosepalus acaciae: fleshy green flowers
PATO:0104296	flattened oval	PATO:0002254|PATO:0000947	flattened|elliptic	FLOPO_0980379	Polycarpaea spicata: flattened oval peduncle
PATO:0104297	pointed tip	PATO:0002258	pointed	FLOPO_0980380	Potamogeton pectinatus: brown fruits with pointed tip
PATO:0104298	purple-brown	PATO:0000951|PATO:0000952	purple|brown	FLOPO_0980381	Prosopis farcta: stout fleshy purple-brown pods
PATO:0104299	pale grey	PATO:0000950	grey	FLOPO_0980382	Prosopis juliflora: finely fissured pale grey trunk
PATO:0104300	rounded pointed	PATO:0000411|PATO:0002258	circular|pointed	FLOPO_0980383	Pycnocycla tomentosa: rounded pointed spiny-tipped compound leaves
PATO:0104301	shiny green	PATO:0001373|PATO:0000320	glistening|green	FLOPO_0980384	Rhus retinorrhoea: small, flat, shiny green fruits
PATO:0104302	short, flat	PATO:0000569|PATO:0000407	decreased height|flat	FLOPO_0980385	Rhynchosia sp. aff. schimperi: short, flat pods
PATO:0104303	dark pinkish purple	PATO:0000954|PATO:0000951	pink|purple	FLOPO_0980386	Rubus sanctus: dark pinkish purple flowers
PATO:0104304	pale blue to almost white	PATO:0000318|PATO:0000323	blue|white	FLOPO_0980387	Ruellia sp.: pale blue to almost white flowers
PATO:0104305	blue-grey	PATO:0000318|PATO:0000950	blue|grey	FLOPO_0980388	Salsola imbricata: tiny succulent blue-grey leaves
PATO:0104306	yellow and blue-green	PATO:0000324|PATO:0000318|PATO:0000320	yellow|blue|green	FLOPO_0980389	Sansevieria abyssinica: banded and tessellated yellow and blue-green
PATO:0104307	banded and tessellated	PATO:0001946	banded	FLOPO_0980390	Sansevieria abyssinica: banded and tessellated yellow and blue-green
PATO:0104308	fairly wide	PATO:0000600	increased width	FLOPO_0980391	Sansevieria abyssinica: fairly wide leaves
PATO:0104309	almost round flat	PATO:0000411|PATO:0000407	circular|flat	FLOPO_0980392	Schouwia purpurea: almost round flat fruits.
PATO:0104310	narrow oval	PATO:0000599|PATO:0000947	decreased width|elliptic	FLOPO_0980393	Scirpus litoralis: narrow oval spikelets
PATO:0104311	purplish red	PATO:0000951|PATO:0000322	purple|red	FLOPO_0980394	Scrophularia arguta: purplish red flowers 7 mm wide
PATO:0104312	deep rosy	PATO:0001425|PATO:0000954|PATO:0000322	rosy|pink|red	FLOPO_0980395	Scutellaria peregrina: deep rosy flowers
PATO:0104313	almost round dentate	PATO:0000411|PATO:0001205	circular|dentated	FLOPO_0980396	Senecio flavus: almost round dentate leaves
PATO:0104314	broadly oval	PATO:0000947	elliptic	FLOPO_0980397	Sida ovata: broadly oval leaves
PATO:0104315	brilliant deep pink	PATO:0000954	pink	FLOPO_0980398	Silene coniflora: brilliant deep pink four-petalled (freak) flower
PATO:0104316	inflated in fruit	PATO:0002376	inflated	FLOPO_0980399	Silene conoidea: calyx becoming inflated in fruit
PATO:0104317	white flushed with deep pink	PATO:0000323|PATO:0000954	white|pink	FLOPO_0980400	Silene gallica var. quinquevulnera: white flowers 5 mm wide flushed with deep pink
PATO:0104318	almost terete	PATO:0000052	shape	FLOPO_0980401	Silene linearis: almost terete leaves
PATO:0104319	orange ripe	PATO:0000953	orange	FLOPO_0980402	Solanum coagulans: orange ripe fruits
PATO:0104320	bright lilac	PATO:0001943	lilac	FLOPO_0980403	Solanum coagulans: bright lilac flowers 1.5 cm wide
PATO:0104321	small cylindrical succulent	PATO:0000587|PATO:0001873|PATO:0002351	decreased size|cylindrical|fleshy	FLOPO_0980404	Suaeda aegyptiaca: small cylindrical succulent leaves
PATO:0104322	pale pinkish white	PATO:0000954|PATO:0000323	pink|white	FLOPO_0980405	Tamarix aphylla: pale pinkish white flowers
PATO:0104323	crimson tipped	PATO:0000322	red	FLOPO_0980406	Tapinanthus globiferus: the petals crimson tipped
PATO:0104324	silvery-green	PATO:0000950|PATO:0000320	grey|green	FLOPO_0980407	Tarchonanthus camphoratus: silvery-green leaves
PATO:0104325	deep rosy-red	PATO:0000322|PATO:0001425|PATO:0000954	red|rosy|pink	FLOPO_0980408	Tephrosia desertorum: deep rosy-red flowers
PATO:0104326	bright reddish purple	PATO:0000322|PATO:0000951	red|purple	FLOPO_0980409	Tephrosia purpurea: bright reddish purple flowers
PATO:0104327	flat heads	PATO:0000407	flat	FLOPO_0980410	Teucrium polium: in flat heads
PATO:0104328	dense club-shaped	PATO:0001164|PATO:0001883	dense|clavate	FLOPO_0980411	Typha domingensis: characteristic dense club-shaped spike
PATO:0104329	sometimes lobed	PATO:0001979	lobed	FLOPO_0980412	Valerianella dufresnia: the leaves sometimes lobed
PATO:0104330	reddish purple	PATO:0000322|PATO:0000951	red|purple	FLOPO_0980413	Vicia sativa: reddish purple flowers
PATO:0104331	deep magenta-pink	PATO:0000954|PATO:0000321	pink|magenta	FLOPO_0980414	Vicia sativa var. angustifolia: deep magenta-pink flowers
PATO:0104332	narrow pointed	PATO:0000599|PATO:0002258	decreased width|pointed	FLOPO_0980415	Woodfordia fruticosa: narrow pointed leaves
